{"cameraMode":{"drawMode":0,"name":"Shaded","section":"Shading Mode"},"sceneLighting":false,"audioPlay":false,"sceneViewState":{"showFog":true,"showMaterialUpdate":false,"showSkybox":true,"showFlares":true,"showImageEffects":true,"showParticleSystems":true},"in2DMode":false,"pivot":{"x":-1.3806341886520386,"y":-21.88442611694336,"z":-14.04997444152832},"rotation":{"x":-0.006185427773743868,"y":0.992800772190094,"z":-0.10403002053499222,"w":-0.059043869376182559},"size":18.156021118164064,"orthographic":false}