{"cameraMode":{"drawMode":0,"name":"Shaded","section":"Shading Mode"},"sceneLighting":false,"audioPlay":false,"sceneViewState":{"showFog":true,"showMaterialUpdate":false,"showSkybox":true,"showFlares":true,"showImageEffects":true,"showParticleSystems":true},"in2DMode":false,"pivot":{"x":24.399999618530275,"y":1.619999885559082,"z":16.850000381469728},"rotation":{"x":-0.2680895924568176,"y":0.02456325851380825,"z":-0.006837767548859119,"w":-0.9630565643310547},"size":10.171283721923829,"orthographic":false}