{"cameraMode":{"drawMode":0,"name":"Shaded","section":"Shading Mode"},"sceneLighting":true,"audioPlay":false,"sceneViewState":{"showFog":true,"showMaterialUpdate":false,"showSkybox":true,"showFlares":true,"showImageEffects":true,"showParticleSystems":true},"in2DMode":false,"pivot":{"x":33.791080474853519,"y":-15.974050521850586,"z":-4.410067558288574},"rotation":{"x":-0.10177003592252732,"y":-0.08640572428703308,"z":0.008873769082129002,"w":-0.9910086989402771},"size":-8.401905059814454,"orthographic":false}