{"cameraMode":{"drawMode":0,"name":"Shaded","section":"Shading Mode"},"sceneLighting":false,"audioPlay":false,"sceneViewState":{"showFog":true,"showMaterialUpdate":false,"showSkybox":true,"showFlares":true,"showImageEffects":true,"showParticleSystems":true},"in2DMode":false,"pivot":{"x":15.72679328918457,"y":0.37564992904663088,"z":41.66304397583008},"rotation":{"x":-0.013864164240658284,"y":0.7249879837036133,"z":-0.014598993584513665,"w":-0.6884671449661255},"size":10.171283721923829,"orthographic":false}