{"cameraMode":{"drawMode":0,"name":"Shaded","section":"Shading Mode"},"sceneLighting":false,"audioPlay":false,"sceneViewState":{"showFog":true,"showMaterialUpdate":false,"showSkybox":true,"showFlares":true,"showImageEffects":true,"showParticleSystems":true},"in2DMode":false,"pivot":{"x":21.286453247070314,"y":0.2687849998474121,"z":17.817773818969728},"rotation":{"x":-0.036851152777671817,"y":0.7074345946311951,"z":-0.03698568418622017,"w":-0.7048478126525879},"size":10.171283721923829,"orthographic":false}