{"cameraMode":{"drawMode":0,"name":"Shaded","section":"Shading Mode"},"sceneLighting":false,"audioPlay":false,"sceneViewState":{"showFog":true,"showMaterialUpdate":false,"showSkybox":true,"showFlares":true,"showImageEffects":true,"showParticleSystems":true},"in2DMode":false,"pivot":{"x":19.305252075195314,"y":1.9144325256347657,"z":11.342155456542969},"rotation":{"x":-0.06685562431812287,"y":0.8354154229164124,"z":-0.10430436581373215,"w":-0.5354735255241394},"size":7.250685691833496,"orthographic":false}