{"cameraMode":{"drawMode":0,"name":"Shaded","section":"Shading Mode"},"sceneLighting":true,"audioPlay":false,"sceneViewState":{"showFog":true,"showMaterialUpdate":false,"showSkybox":true,"showFlares":true,"showImageEffects":true,"showParticleSystems":true},"in2DMode":false,"pivot":{"x":-15.334695816040039,"y":-17.417146682739259,"z":-12.383055686950684},"rotation":{"x":0.013495493680238724,"y":0.6610778570175171,"z":0.01189369522035122,"w":-0.7501016855239868},"size":3.899895429611206,"orthographic":false}